What If,Build Complexity,Chapter,One Line Description,PRD Stage,Revenue Impact,Tier,WI Code,Why This Tier,Wow Factor
Creator DNA profile from past videos,High,Knows Me,"After 20 videos, Vivido builds your Creative DNA: cut pace, signature transitions, colour palette, weak spots",Stage 5 — Intelligence Layer,Indirect,🟡 Post-Launch Good to Have,WI-33,Creates powerful lock-in once built. Needs video history. Ships 3-6 months post-launch when users have enough data.,⚡ Rare & Powerful
Creative mood setting before each session,Low,Knows Me,"Pick Energetic/Reflective/Educational/Entertaining before recording — Vivido adjusts music, captions, colour, pacing to match",Stage 1 — Core UX,Direct,🔴 MSP — Ship at Launch,WI-35,"Low build complexity, very high first-session delight. Sets Vivido apart from every tool that treats all videos the same. Ships in Stage 1 onboarding.",✅ Smart Execution
Last frame of video 1 = first frame of video 2,Medium,Last Tool Ever,"Your channel becomes a serialised universe — last frame locked, next episode opens on it, perfectly colour-matched",Stage 4 — Creator Coach,Indirect,🟡 Post-Launch Good to Have,WI-50,"Emotional, distinctive, creates channel brand identity. Ships as a Series Linking feature in the post-launch creator OS.",🤯 Never Been Done
Retention diagnosis from past 10 videos,High,AI Co-Director,"AI watches your last 10 videos, tells you exactly what creative pattern is killing your retention",Stage 4 — Creator Coach,Indirect,🟡 Post-Launch Good to Have,WI-17,Needs enough user history to work well. Ships after users have uploaded at least 5 videos. Powerful retention tool.,⚡ Rare & Powerful
Edit by mood — emotional beat map instead of timeline,Moonshot,Editing Reimagined,"Replace timeline with a mood map — drag the energy curve, Vivido adjusts cuts, music, colour grade",Moonshot — V3+,Long Term,🚀 Moonshot — V3+,WI-09,Revolutionary paradigm shift — but a paradigm shift is also a learning curve. Build after core timeline is loved.,🤯 Never Been Done
Brand kit that evolves based on what performs,High,Knows Me,Vivido tracks which thumbnail styles and caption colours drive most watch time — suggests brand kit updates,Stage 5 — Intelligence Layer,Indirect,🟡 Post-Launch Good to Have,WI-28,Requires sufficient performance data history. Post-launch after brand kit is established and used.,⚡ Rare & Powerful
A/B test two edits with real audience split,High,Last Tool Ever,"Publish Edit A and B to first 500 viewers each. Vivido tracks retention, auto-promotes the winner to full distribution.",Stage 5 — Intelligence Layer,Direct,🟡 Post-Launch Good to Have,WI-49,Game-changing for agencies and growth-focused creators. Needs publishing infrastructure to be solid first. Post-launch premium feature.,🤯 Never Been Done
Face colour consistency across shoot days,High,Camera Intelligence,Subtle AI grade to match skin tone and lighting across different recording days — no mutant eyes,Stage 3 — Polish Layer,Indirect,🟡 Post-Launch Good to Have,WI-03,Impressive but not a switching reason on its own. Better after core is solid and users trust the AI.,⚡ Rare & Powerful
Virtual cameraperson — auto-framing from fixed webcam,Medium,Camera Intelligence,"Tracks movement and gestures, keeps creator perfectly framed from a fixed webcam",Stage 1 — Core Recording,Direct,🔴 MSP — Ship at Launch,WI-05,Solo creators have no cameraperson. This is table stakes for a modern recording tool. Riverside and Descript don't do it well.,⚡ Rare & Powerful
Import visual aesthetic of any film or show,High,Design Alive,"Type Blade Runner 2049 — Vivido applies that exact colour science, grain, lens aberration to your footage",Stage 4 — Creator Coach,Direct,🟡 Post-Launch Good to Have,WI-26,Hugely popular demand from creative YouTube. Ships as a premium Cinematic Looks library post-launch.,🤯 Never Been Done
Edit your live published video in real time,Moonshot,Last Tool Ever,"See live drop-off chart overlaid on your timeline. Fix the 3:45 drop, publish updated version without re-uploading.",Moonshot — V3+,Long Term,🚀 Moonshot — V3+,WI-45,Requires YouTube API-level platform partnership and dynamic video serving infrastructure. V3 vision.,🤯 Never Been Done
Undo that remembers your intention not just last action,High,Editing Reimagined,"Say undo the direction I was going — rolls back to before that creative idea, preserving everything else",Stage 5 — Intelligence Layer,Indirect,🟡 Post-Launch Good to Have,WI-14,"Deeply useful but technically complex — requires intent-tracking across sessions. Version history ships first, this comes next.",🤯 Never Been Done
Colour grading from a feeling description,High,Design Alive,Type make it feel like a 2007 film — Vivido applies a film-accurate grade reading your specific footage lighting,Stage 3 — Design System,Indirect,🟡 Post-Launch Good to Have,WI-25,Powerful creative feature. Ships after core grade presets are working. Natural language grade comes in the polish phase.,⚡ Rare & Powerful
Schedule and publish to every platform from inside editor,High,Last Tool Ever,"Press Publish, choose platforms, set schedule — Vivido IS the distribution layer, not just creation",Stage 3 — Publish Engine,Direct,🔴 MSP — Ship at Launch,WI-44,"Without publishing, Vivido is still just an editor. This closes the loop. Non-negotiable for MSP. Ships as Stage 3 core feature.",⚡ Rare & Powerful
Energy detection while recording,Medium,Camera Intelligence,AI detects if you're in the zone vs rambling — live glow indicator while recording,Stage 1 — Core Recording,Direct,🔴 MSP — Ship at Launch,WI-01,Solves the #1 recording pain — wasted takes. Instant wow moment for new users. Drives activation.,⚡ Rare & Powerful
Best-take sentence compositor from 5 takes,High,Camera Intelligence,AI listens to 5 takes and stitches the best delivery of each sentence into a composite master,Stage 2 — AI Layer,Direct,🔴 MSP — Ship at Launch,WI-02,Music producers do this for vocals. No video tool has ever done it. One killer demo feature that sells Vivido instantly.,🤯 Never Been Done
Describe your video and it assembles itself,Moonshot,Editing Reimagined,Type a natural language brief — Vivido assembles a first-cut from your clips automatically,Moonshot — V3+,Long Term,🚀 Moonshot — V3+,WI-08,The holy grail but requires deep multimodal AI pipeline. Ship it when the model tech catches up. Too soon for MSP.,🤯 Never Been Done
Voice note edit tasks at timestamps,Low,Speed Reinvented,"Leave yourself a voice note at any timestamp — add a zoom here, sound effect at boom. Tomorrow, click to execute.",Stage 1 — Core UX,Indirect,🔴 MSP — Ship at Launch,WI-32,"Low build complexity, high delight. Solves the 2am editing problem every creator has. Ships in Stage 1 as a core UX feature.",✅ Smart Execution
AI-generated B-roll from script — no stock footage,Moonshot,AI Co-Director,I mention a busy market — Vivido generates a photorealistic 4-second clip matching my exact sentence,Moonshot — V3+,Long Term,🚀 Moonshot — V3+,WI-18,Gen AI video quality is still not reliable enough for branded professional use. Ship in V3 when Sora-tier models are production-ready.,🤯 Never Been Done
Pre-flight score before upload,Medium,AI Co-Director,"Hook strength, retention prediction, audio score, caption coverage, thumbnail CTR, optimal upload time — all before publish",Stage 2 — AI Layer,Direct,🔴 MSP — Ship at Launch,WI-20,This IS the publish flow. No one has this. Ships as a Publish Readiness Dashboard — green lights across = upload. A creator ritual they will never want to lose.,⚡ Rare & Powerful
Delegating edits to AI with custom trust levels,Medium,Speed Reinvented,Set per-task trust: Remove silences = Full Auto. Select best take = AI Suggests I Confirm. Colour grade = Never Auto.,Stage 2 — AI Layer,Direct,🔴 MSP — Ship at Launch,WI-43,Solves the control vs automation tension every creator has with AI. Ships as the AI Trust Settings panel. Distinctive and practical.,⚡ Rare & Powerful
"Remix mode — same footage, completely different cut",High,Editing Reimagined,Hit Remix: High Energy 3 min — Vivido generates a different cut from the same footage instantly,Stage 4 — Repurpose Engine,Direct,🟡 Post-Launch Good to Have,WI-11,Exciting for power users and agencies doing multiple cuts. Better as a premium feature after core repurpose engine is stable.,🤯 Never Been Done
Edit by humming the rhythm you want,Moonshot,Editing Reimagined,"Hum a beat — Vivido matches your rhythm, cuts to it, syncs transitions to your hum",Moonshot — V3+,Long Term,🚀 Moonshot — V3+,WI-13,Wildly creative but requires audio-to-edit pipeline that doesn't exist yet. Moonshot worth exploring in R&D.,🤯 Never Been Done
Presenter score and coaching over time,High,Knows Me,"After every video: eye contact %, filler word rate, speaking pace, energy variation. Watch your score grow from 54 to 87.",Stage 4 — Creator Coach,Indirect,🟡 Post-Launch Good to Have,WI-36,Incredible retention and upgrade driver. Needs multiple video history. Ships as a premium Creator Coach feature post-launch.,⚡ Rare & Powerful
Thumbnail prediction mid-edit,Medium,AI Co-Director,"Mid-edit, Vivido scans footage, flags your best expression frame, generates 5 thumbnail treatments with CTR prediction",Stage 2 — AI Layer,Direct,🔴 MSP — Ship at Launch,WI-19,Thumbnail is 50% of YouTube performance. No editing tool does this. Achievable with frame analysis + design templates. Massive differentiation.,⚡ Rare & Powerful
3D VR editing — step into your edit,Moonshot,Editing Reimagined,"VR mode: clips float as panels, grab and move them, trim by pinching — no timeline, just space",Moonshot — V3+,Long Term,🚀 Moonshot — V3+,WI-12,Incredible vision but requires VR hardware adoption. File under 2027+. Not an MSP concern.,🤯 Never Been Done
Publish one video in 7 languages simultaneously,High,Language & Geography,"Vivido translates transcript into 7 languages, dubs in cloned voice, publishes 7 localised versions automatically",Stage 4 — Repurpose Engine,Direct,🟡 Post-Launch Good to Have,WI-37,Massive for Indian creators targeting global or regional audiences. Ships as premium add-on post-launch.,⚡ Rare & Powerful
"Think in Hindi, publish in English",Medium,Language & Geography,"Record rough version in Hindi naturally — Vivido transcribes, translates, teleprompter shows English — re-record globally",Stage 3 — Repurpose Engine,Direct,🟡 Post-Launch Good to Have,WI-39,Critical for Indian creator market. Ships as a Bilingual Recording Mode post-launch once core translation engine is stable.,⚡ Rare & Powerful
Video adapts to viewer attention signals,Moonshot,Platform Freedom,"If viewer re-watches a section, Vivido auto-inserts simplified explanation. If they skip, a you might have missed card appears.",Moonshot — V3+,Long Term,🚀 Moonshot — V3+,WI-30,Requires deep platform integration and real-time viewer signal API access. Not feasible at launch. V3+ vision.,🤯 Never Been Done
Dark room focus mode — total creative immersion,Low,Speed Reinvented,Lights off. Only footage and waveform. Keyboard-only editing. No menus. No notifications. Vivido gets out of the way.,Stage 1 — Core UX,Indirect,🔴 MSP — Ship at Launch,WI-48,Low build complexity. High craft credibility. Signals Vivido respects serious creators. Ships as a keyboard shortcut in Stage 1.,✅ Smart Execution
Borrow editing rhythm DNA from any YouTube video,High,Editing Reimagined,Paste a YouTube URL — Vivido analyses its pacing DNA and applies cut tempo and rhythm to your footage,Stage 2 — AI Layer,Direct,🔴 MSP — Ship at Launch,WI-15,No tool anywhere does this. It's how professional editors think — reference tracks. Viral demo feature that drives acquisition. Build as Style Presets derived from URL analysis.,🤯 Never Been Done
Subtitles that style themselves by content type,Medium,Language & Geography,Punchlines = larger bold font. Disclaimers = smaller lighter. Key terms = highlighted. Typography as performance annotation.,Stage 2 — AI Layer,Direct,🔴 MSP — Ship at Launch,WI-38,"Captions are the #1 engagement feature for short-form. Smart styling ships as part of Creator Style Templates. High impact, achievable.",⚡ Rare & Powerful
Save creative decisions as permanent rules,Medium,Speed Reinvented,Perfect your zoom timing once — Vivido asks Save as your Talking Head zoom rule? Applied forever after.,Stage 1 — Core UX,Direct,🔴 MSP — Ship at Launch,WI-41,This is how pro editors think — reusable logic not repeated effort. Ships as Creator Preferences in Stage 1. High retention driver.,✅ Smart Execution
Video adapts per platform automatically,Medium,Platform Freedom,"Same video — auto-adapted aspect ratio, caption style, thumbnail, music level per YouTube vs Instagram vs LinkedIn",Stage 3 — Repurpose Engine,Direct,🔴 MSP — Ship at Launch,WI-24,This is the repurpose engine core. Every creator needs it. Ships as the one-click multi-platform export. Non-negotiable for MSP.,⚡ Rare & Powerful
Context-aware endings per traffic source,High,Platform Freedom,YouTube viewers get subscribe CTA. Newsletter viewers get reply CTA. Instagram gets swipe-up. Same video body.,Stage 4 — Repurpose Engine,Indirect,🟡 Post-Launch Good to Have,WI-31,Smart and practical. Needs distribution layer to be built first. Post-launch feature that monetises the repurpose engine.,⚡ Rare & Powerful
Motion graphics that respond to your energy,High,Design Alive,"Lower thirds animate differently based on your delivery — serious point = still, excited = bounce, question = flip",Stage 3 — Design System,Indirect,🟡 Post-Launch Good to Have,WI-23,Stunning vision but tone-detection for motion is complex. Ships after static Creator Style Templates are loved.,🤯 Never Been Done
Gentle interventions for bad habits,Medium,Knows Me,You've said um 23 times. Your intro is 3 minutes — your top videos had intros under 90 seconds. No B-roll in 6 minutes.,Stage 2 — AI Layer,Direct,🔴 MSP — Ship at Launch,WI-34,"This is what every creator wants a co-editor to say. Ships as the AI Edit Assistant sidebar — gentle, non-intrusive, always right.",✅ Smart Execution
Smart silence removal — keeps dramatic pauses,Medium,Editing Reimagined,"AI distinguishes dramatic pauses from dead air — removes dead air, keeps intentional beats",Stage 2 — AI Layer,Direct,🔴 MSP — Ship at Launch,WI-10,Every single competitor silence tool is dumb. This is a direct pain point from user research. Achievable with context-aware NLP. Ships as a core AI edit feature.,⚡ Rare & Powerful
Redirect gaze in edit mode,High,Camera Intelligence,"Click a frame, AI subtly corrects your eyeline to look straight into camera — no re-record",Stage 3 — Polish Layer,Indirect,🟡 Post-Launch Good to Have,WI-06,Powerful but niche use case. VEED's eye correction was hated for being buggy. Needs perfection before shipping.,⚡ Rare & Powerful
Series continuity tracker across episodes,High,Last Tool Ever,"For documentary series: tracks character introductions, recurring themes, music motifs, facts — continuity check before each episode",Stage 5 — Intelligence Layer,Indirect,🟡 Post-Launch Good to Have,WI-47,Powerful for serialised creators. Niche but high-loyalty feature. Ships as a Series Mode in the post-launch intelligence layer.,🤯 Never Been Done
Video auto-replies to top comments with relevant clips,Moonshot,Last Tool Ever,"Top comment asks a question — Vivido finds the relevant clip from raw footage, auto-generates a 45s video reply",Moonshot — V3+,Long Term,🚀 Moonshot — V3+,WI-46,Astonishing vision but fully autonomous content generation at this level needs trust and guardrails. V3+ after creator profile is mature.,🤯 Never Been Done
Conversation with your entire past video archive,High,AI Co-Director,"Hey Vivido, find every time I talked about discipline — surfaces clips from all past projects, ready to compile",Stage 5 — Intelligence Layer,Indirect,🟡 Post-Launch Good to Have,WI-22,Incredible for creators with large archives. Needs substantial user history and semantic video indexing. Post-launch.,🤯 Never Been Done
Video fully edited before you finish recording,Moonshot,Speed Reinvented,"As you record, Vivido edits in background. You say and thats a wrap — first draft is already done.",Moonshot — V3+,Long Term,🚀 Moonshot — V3+,WI-40,The #1 ranked What If and Vivido's potential iPhone moment. Simultaneous production doesnt exist. Requires real-time AI pipeline. V3 north star.,🤯 Never Been Done
45-minute creative sprint mode,Low,Speed Reinvented,Timer on. Streamlined interface. Only essentials. No second-guessing. 45 minutes = publishable video. Done beats perfect.,Stage 1 — Core UX,Direct,🔴 MSP — Ship at Launch,WI-42,Creators paralysed by perfectionism will love this. Low build complexity. Ships as a mode toggle in Stage 1. Great for social content.,✅ Smart Execution
Script analyser before recording,Medium,AI Co-Director,Paste your script before recording — Vivido highlights lines that will lose viewers and suggests fixes,Stage 2 — AI Layer,Direct,🔴 MSP — Ship at Launch,WI-16,Pre-production AI is untapped. Creators spend hours writing scripts with no feedback. This ships as a Script Health Score panel.,⚡ Rare & Powerful
Kinetic typography that reacts to audio performance,High,Design Alive,Say EXPLOSION — the word explodes outward. Whisper secret — text fades in slowly. Typography IS the performance.,Stage 3 — Design System,Direct,🟡 Post-Launch Good to Have,WI-27,Viral-worthy feature for short-form creators. Ships after core animated caption system is stable.,🤯 Never Been Done
Acoustic environment simulation,Medium,Camera Intelligence,"Not just noise removal — applies full acoustic fingerprint: Home Studio, Broadcast Booth, Outdoor Clear",Stage 1 — Core Recording,Direct,🔴 MSP — Ship at Launch,WI-04,"Audio quality is the #1 creator complaint across all reviews. Ships as a preset system, not raw AI. Achievable and high-impact.",⚡ Rare & Powerful
Nervous habit detector and reducer,High,Camera Intelligence,"Detects excessive blinking, lip-licking, touching face — shows frequency chart, offers subtle reduction",Stage 4 — Creator Coach,Indirect,🟡 Post-Launch Good to Have,WI-07,"Fascinating but a coaching feature, not an editing feature. Belongs in post-launch presenter score system.",⚡ Rare & Powerful
AI chapter titles that are emotionally compelling,Low,AI Co-Director,Not Chapter 1 Introduction — AI writes chapters like the day I nearly quit. Timestamps that make people click in.,Stage 2 — AI Layer,Direct,🔴 MSP — Ship at Launch,WI-21,Easy to build on top of transcript. Massive YouTube SEO and retention impact. Every creator wants this. Ships in Stage 2.,✅ Smart Execution
One session — 11 content pieces automatically,High,Platform Freedom,"Record once: get full YouTube edit, 3 Shorts, podcast audio, LinkedIn post, Twitter thread, 2 carousels, newsletter, blog",Stage 3 — Repurpose Engine,Direct,🔴 MSP — Ship at Launch,WI-29,The content multiplier is the biggest practical time-saver in the product. Direct reason to pay. Ships as the Repurpose Engine flagship feature.,🤯 Never Been Done